Name,MarketCap,Stock,Country,Sector,Industry
Apple Inc.,$2.825 T,AAPL,United States,Technology,Consumer Electronics
Microsoft Corporation,$2.328 T,MSFT,United States,Technology,Software—Infrastructure
Saudi Arabian Oil Company,$2.297 T,2222,Saudi Arabia,Energy,Oil & Gas Integrated
Alphabet Inc.,$1.825 T,GOOG,United States,Communication Services,Internet Content & Information
"Amazon.com, Inc.",$1.642 T,AMZN,United States,Consumer Discretionary,Internet Retail
"Tesla, Inc.",$1.016 T,TSLA,United States,Consumer Discretionary,Auto Manufacturers
Berkshire Hathaway Inc.,$798.47 B,BRK.A,United States,Financials,Financial Conglomerates
Nvidia Corporation,$660.38 B,NVDA,United States,Technology,Semiconductors
"Meta Platforms, Inc.",$617.50 B,META,United States,Communication Services,Internet Content & Information
Taiwan Semiconductor Manufacturing Company Limited,$527.89 B,2330,Taiwan,Technology,Semiconductors
UnitedHealth Group Incorporated,$488.52 B,UNH,United States,Healthcare,Healthcare Plans
Visa Inc.,$486.77 B,V,United States,Financials,Credit Services
Johnson & Johnson,$475.93 B,JNJ,United States,Healthcare,Drug Manufacturers—General
Tencent Holdings Ltd,$441.17 B,0700,China,Communication Services,Internet Content & Information
Walmart Inc.,$429.05 B,WMT,United States,Consumer Staples,Discount Stores
JPMorgan Chase & Co.,$410.84 B,JPM,United States,Financials,Banks
The Procter & Gamble Company,$384.60 B,PG,United States,Consumer Staples,Household & Personal Products
"Samsung Electronics Co., Ltd.",$378.35 B,005930,South Korea,Technology,Consumer Electronics
"LVMH Moët Hennessy - Louis Vuitton, SE",$359.26 B,MC,France,Consumer Discretionary,Luxury Goods
Mastercard Incorporated,$358.60 B,MA,United States,Financials,Credit Services
Bank of America Corporation,$350.84 B,BAC,United States,Financials,Banks
Roche Holding AG,$349.50 B,ROG,Switzerland,Healthcare,Drug Manufacturers—General
Exxon Mobil Corporation,$348.72 B,XOM,United States,Energy,Oil & Gas Integrated
Kweichow Moutai Co. Ltd,$348.22 B,600519,China,Consumer Staples,Beverages—Wineries & Distilleries
"The Home Depot, Inc.",$321.47 B,HD,United States,Consumer Discretionary,Home Improvement Retail
Chevron Corporation,$315.13 B,CVX,United States,Energy,Oil & Gas Integrated
Pfizer Inc.,$300.79 B,PFE,United States,Healthcare,Drug Manufacturers—General
AbbVie Inc.,$294.27 B,ABBV,United States,Healthcare,Drug Manufacturers—General
Alibaba Group Holding Limited,$290.40 B,9988,China,Consumer Discretionary,Internet Retail
ASML Holding N.V.,$274.35 B,ASML,Netherlands,Technology,Semiconductor Equipment & Materials
The Coca-Cola Company,$273.20 B,KO,United States,Consumer Staples,Beverages—Non-Alcoholic
Eli Lilly and Company,$273.01 B,LLY,United States,Healthcare,Drug Manufacturers—General
Broadcom Inc.,$265.27 B,AVGO,United States,Technology,Semiconductors
Costco Wholesale Corporation,$258.15 B,COST,United States,Consumer Staples,Discount Stores
Novo Nordisk A/S,$257.24 B,NOVO.B,Denmark,Healthcare,Biotechnology
Industrial & Commercial Bank of China Ltd,$250.37 B,601398,China,Financials,Banks
The Walt Disney Company,$247.88 B,DIS,United States,Communication Services,Entertainment
"PepsiCo, Inc.",$241.05 B,PEP,United States,Consumer Staples,Beverages—Non-Alcoholic
"Cisco Systems, Inc.",$238.45 B,CSCO,United States,Technology,Communication Equipment
Thermo Fisher Scientific Inc.,$236.15 B,TMO,United States,Healthcare,Diagnostics & Research
Oracle Corporation,$228.18 B,ORCL,United States,Technology,Software—Infrastructure
L'Oréal SA,$225.24 B,OR,France,Consumer Staples,Household & Personal Products
Accenture plc,$219.03 B,ACN,Ireland,Technology,Information Technology Services
Comcast Corporation,$218.90 B,CMCSA,United States,Communication Services,Entertainment
Verizon Communications Inc.,$216.68 B,VZ,United States,Communication Services,Telecom Services
Abbott Laboratories,$215.02 B,ABT,United States,Healthcare,Medical Devices
"Nike, Inc.",$213.60 B,NKE,United States,Consumer Discretionary,Footwear & Accessories
BHP Group,$211.25 B,BHP,Australia,Basic Materials,Other Industrial Metals & Mining
"Merck & Co., Inc.",$210.38 B,MRK,United States,Healthcare,Drug Manufacturers—General
Danaher Corporation,$208.03 B,DHR,United States,Healthcare,Diagnostics & Research
Shell plc,$207.68 B,SHEL,United Kingdom,Energy,Oil & Gas Integrated
Novartis AG,$204.13 B,NOVN,Switzerland,Healthcare,Drug Manufacturers—General
AstraZeneca plc,$201.75 B,AZN,United Kingdom,Healthcare,Drug Manufacturers—General
Intel Corporation,$201.72 B,INTC,United States,Technology,Semiconductors
Wells Fargo & Company,$200.01 B,WFC,United States,Financials,Banks
Adobe Inc.,$199.57 B,ADBE,United States,Technology,Software—Infrastructure
"salesforce.com, inc.",$193.80 B,CRM,United States,Technology,Software—Application
"United Parcel Service, Inc.",$190.50 B,UPS,United States,Industrials,Integrated Freight & Logistics
China Construction Bank Corp,$189.37 B,601939,China,Financials,Banks
McDonald's Corporation,$186.57 B,MCD,United States,Consumer Discretionary,Restaurants
China Merchants Bank Co Ltd,$185.98 B,600036,China,Financials,Banks
Contemporary Amperex Technology Co. Ltd,$185.67 B,300750,China,Industrials,Electrical Equipment & Parts
Union Pacific Corporation,$184.19 B,UNP,United States,Industrials,Railroads
AT&T Inc.,$175.88 B,T,United States,Communication Services,Telecom Services
Qualcomm Incorporated,$172.25 B,QCOM,United States,Technology,Semiconductors
Texas Instruments Incorporated,$171.28 B,TXN,United States,Technology,Semiconductors
Bristol-Myers Squibb Company,$170.56 B,BMY,United States,Healthcare,Drug Manufacturers—General
Prosus N.V.,$170.00 B,PRX,Netherlands,Communication Services,Internet Content & Information
Linde plc,$166.07 B,LIN,United Kingdom,Basic Materials,Specialty Chemicals
"NextEra Energy, Inc.",$165.53 B,NEE,United States,Utilities,Utilities—Regulated Electric
Agricultural Bank of China Ltd,$165.00 B,601288,China,Financials,Banks
"T-Mobile US, Inc.",$164.31 B,TMUS,United States,Communication Services,Telecom Services
Morgan Stanley,$164.05 B,MS,United States,Financials,Capital Markets
"Netflix, Inc.",$163.19 B,NFLX,United States,Communication Services,Entertainment
Royal Bank of Canada,$159.74 B,RY,Canada,Financials,Banks
The Charles Schwab Corporation,$158.06 B,SCHW,United States,Financials,Capital Markets
Philip Morris International Inc.,$154.71 B,PM,United States,Consumer Staples,Tobacco
Medtronic plc,$151.06 B,MDT,Ireland,Healthcare,Medical Devices
Raytheon Technologies Corporation,$150.96 B,RTX,United States,Industrials,Aerospace & Defense
American Express Company,$150.76 B,AXP,United States,Financials,Credit Services
Hermès International SCA,$148.98 B,RMS,France,Consumer Discretionary,Luxury Goods
Toronto-Dominion Bank,$145.41 B,TD,Canada,Financials,Banks
PetroChina Company Limited,$144.50 B,601857,China,Energy,Oil & Gas Integrated
Commonwealth Bank of Australia,$144.32 B,CBA,Australia,Financials,Banks
"Lowe's Companies, Inc.",$143.77 B,LOW,United States,Consumer Discretionary,Home Improvement Retail
Amgen Inc.,$141.72 B,AMGN,United States,Healthcare,Drug Manufacturers—General
Bank of China Ltd,$141.22 B,601988,China,Financials,Banks
HSBC Holdings plc,$140.15 B,HSBA,United Kingdom,Financials,Banks
China Mobile Ltd,$139.30 B,0941,Hong Kong,Communication Services,Telecom Services
TotalEnergies SE,$137.50 B,TTE,France,Energy,Oil & Gas Integrated
Honeywell International Inc.,$136.48 B,HON,United States,Industrials,Specialty Industrial Machinery
ConocoPhillips,$136.32 B,COP,United States,Energy,Oil & Gas E&P
CVS Health Corporation,$135.27 B,CVS,United States,Healthcare,Healthcare Plans
Ping An Insurance (Group) Company of China Ltd,$134.25 B,601318,China,Financials,Insurance—Life
SAP SE,$134.19 B,SAP,Germany,Technology,Software—Application
"PayPal Holdings, Inc.",$133.92 B,PYPL,United States,Financials,Credit Services
Sanofi,$132.29 B,SAN,France,Healthcare,Drug Manufacturers—General
Deere & Company,$130.31 B,DE,United States,Industrials,Farm & Heavy Construction Machinery
"Advanced Micro Devices, Inc.",$128.29 B,AMD,United States,Technology,Semiconductors
Intuit Inc.,$126.77 B,INTU,United States,Technology,Software—Application
Sony Group Corporation,$126.64 B,6758,Japan,Technology,Consumer Electronics
Rio Tinto Group,$125.84 B,RIO,United Kingdom,Basic Materials,Other Industrial Metals & Mining
AIA Group Ltd,$125.16 B,1299,Hong Kong,Financials,Insurance—Life
Lockheed Martin Corporation,$124.98 B,LMT,United States,Industrials,Aerospace & Defense
Caterpillar Inc.,$124.13 B,CAT,United States,Industrials,Farm & Heavy Construction Machinery
Anheuser-Busch InBev SA/NV,$123.59 B,ABI,Belgium,Consumer Staples,Beverages—Brewers
Equinor ASA,$122.74 B,EQNR,Norway,Energy,Oil & Gas Integrated
Christian Dior SE,$122.11 B,CDI,France,Consumer Discretionary,Luxury Goods
"Prologis, Inc.",$121.20 B,PLD,United States,Real Estate,REIT—Industrial
"Applied Materials, Inc.",$121.12 B,AMAT,United States,Technology,Semiconductor Equipment & Materials
"Anthem, Inc.",$119.80 B,ANTM,United States,Healthcare,Healthcare Plans
International Business Machines Corporation,$119.20 B,IBM,United States,Technology,Information Technology Services
Unilever plc,$117.84 B,ULVR,United Kingdom,Consumer Staples,Household & Personal Products
"BlackRock, Inc.",$115.98 B,BLK,United States,Financials,Asset Management
HDFC Bank Limited,$115.68 B,HDB,India,Financials,Banks
Diageo plc,$115.58 B,DGE,United Kingdom,Consumer Staples,Beverages—Wineries & Distilleries
American Tower Corporation (REIT),$115.11 B,AMT,United States,Real Estate,REIT—Specialty
Siemens AG,$114.66 B,SIE,Germany,Industrials,Specialty Industrial Machinery
Meituan,$114.28 B,3690,China,Consumer Discretionary,Internet Retail
Keyence Corp,$113.20 B,6861,Japan,Technology,Scientific & Technical Instruments
"The Goldman Sachs Group, Inc.",$112.71 B,GS,United States,Financials,Capital Markets
Transurban Group,$110.79 B,TCL,Australia,Industrials,Infrastructure Operations
"Industria de Diseño Textil, SA",$110.65 B,ITX,Spain,Consumer Discretionary,Apparel Retail
The Boeing Company,$110.46 B,BA,United States,Industrials,Aerospace & Defense
GlaxoSmithKline plc,$109.98 B,GSK,United Kingdom,Healthcare,Drug Manufacturers—General
Citigroup Inc.,$109.56 B,C,United States,Financials,Banks
Volkswagen AG,$108.63 B,VOW3,Germany,Consumer Discretionary,Auto Manufacturers
Starbucks Corporation,$108.19 B,SBUX,United States,Consumer Discretionary,Restaurants
Vale SA,$107.99 B,VALE3,Brazil,Basic Materials,Other Industrial Metals & Mining
"ServiceNow, Inc.",$107.99 B,NOW,United States,Technology,Software—Application
Target Corporation,$106.89 B,TGT,United States,Consumer Staples,Discount Stores
Infosys Limited,$106.77 B,INFY,India,Technology,Information Technology Services
Al Rajhi Banking and Investment Corp,$106.37 B,1120,Saudi Arabia,Financials,Banks
"Airbnb, Inc.",$105.07 B,ABNB,United States,Communication Services,Internet Content & Information
"Charter Communications, Inc.",$104.97 B,CHTR,United States,Communication Services,Entertainment
BYD Co Ltd,$104.42 B,002594,China,Consumer Discretionary,Auto Manufacturers
Saudi Basic Industries Corp,$104.00 B,2010,Saudi Arabia,Basic Materials,Chemicals
Nippon Telegraph & Telephone Corp,$103.75 B,9432,Japan,Communication Services,Telecom Services
"Altria Group, Inc.",$102.98 B,MO,United States,Consumer Staples,Tobacco
British American Tobacco plc,$101.44 B,BATS,United Kingdom,Consumer Staples,Tobacco
Stryker Corporation,$101.41 B,SYK,United States,Healthcare,Medical Devices
S&P Global Inc.,$100.84 B,SPGI,United States,Financials,Financial Data & Stock Exchanges
The Estée Lauder Companies Inc.,$100.16 B,EL,United States,Consumer Staples,Household & Personal Products
General Electric Company,$99.22 B,GE,United States,Industrials,Specialty Industrial Machinery
Daimler AG,$98.79 B,DAI,Germany,Consumer Discretionary,Auto Manufacturers
Chubb Limited,$98.57 B,CB,Switzerland,Financials,Insurance—Property & Casualty
Allianz SE,$98.47 B,ALV,Germany,Financials,Insurance—Diversified
Petróleo Brasileiro S.A. - Petrobras,$98.37 B,PBR,Brazil,Energy,Oil & Gas Integrated
Airbus SE,$97.41 B,AIR,Netherlands,Industrials,Aerospace & Defense
China Life Insurance Company Limited,$97.31 B,LFC,China,Financials,Insurance—Life
"Automatic Data Processing, Inc.",$96.98 B,ADP,United States,Industrials,Staffing & Employment Services
BP plc,$96.24 B,BP.,United Kingdom,Energy,Oil & Gas Integrated
China Shenhua Energy Company Ltd,$95.34 B,601088,China,Energy,Thermal Coal
Booking Holdings Inc.,$95.02 B,BKNG,United States,Consumer Discretionary,Travel Services
Canadian National Railway Company,$94.96 B,CNR,Canada,Industrials,Railroads
Enbridge Inc.,$94.94 B,ENB,Canada,Energy,Oil & Gas Midstream
Schneider Electric SE,$94.34 B,SU,France,Industrials,Specialty Industrial Machinery
Deutsche Telekom AG,$93.01 B,DTE,Germany,Communication Services,Telecom Services
MERCK Kommanditgesellschaft auf Aktien,$90.74 B,MRK,Germany,Healthcare,Drug Manufacturers—Specialty & Generic
"Mondelez International, Inc.",$90.67 B,MDLZ,United States,Consumer Staples,Confectioners
"JD.com, Inc.",$90.46 B,9618,China,Consumer Discretionary,Internet Retail
Vulcan International Corp,$90.34 B,VULC,United States,Basic Materials,Chemicals
Zoetis Inc.,$89.82 B,ZTS,United States,Healthcare,Drug Manufacturers—Specialty & Generic
CSL Limited,$89.69 B,CSL,Australia,Healthcare,Biotechnology
3M Company,$88.77 B,MMM,United States,Industrials,Specialty Industrial Machinery
Duke Energy Corporation,$88.76 B,DUK,United States,Utilities,Utilities—Regulated Electric
Bank of Nova Scotia,$87.76 B,BNS,Canada,Financials,Banks
The Blackstone Group Inc.,$87.64 B,BX,United States,Financials,Asset Management
Brookfield Asset Management Inc.,$87.46 B,BAM.A,Canada,Financials,Asset Management
Glencore plc,$87.31 B,GLEN,Switzerland,Basic Materials,Other Industrial Metals & Mining
CME Group Inc.,$87.17 B,CME,United States,Financials,Financial Data & Stock Exchanges
"Marsh & McLennan Companies, Inc.",$87.16 B,MMC,United States,Financials,Insurance Brokers
"Micron Technology, Inc.",$86.49 B,MU,United States,Technology,Semiconductors
"Mitsubishi UFJ Financial Group, Inc.",$85.03 B,8306,Japan,Financials,Banks
Cigna Corporation,$84.67 B,CI,United States,Healthcare,Healthcare Plans
Shopify Inc.,$83.80 B,SHOP,Canada,Technology,Software—Application
Air Liquide SA,$83.24 B,AI,France,Basic Materials,Chemicals
"HCA Healthcare, Inc.",$82.60 B,HCA,United States,Healthcare,Medical Care Facilities
National Australia Bank Limited,$81.03 B,NAB,Australia,Financials,Banks
Crown Castle International Corp. (REIT),$80.92 B,CCI,United States,Real Estate,REIT—Specialty
EssilorLuxottica SA,$80.49 B,EL,France,Healthcare,Medical Instruments & Supplies
U.S. Bancorp,$80.16 B,USB,United States,Financials,Banks
Tokyo Electron Ltd,$79.62 B,8035,Japan,Technology,Semiconductor Equipment & Materials
Bank of Montreal,$79.22 B,BMO,Canada,Financials,Banks
Kering SA,$78.66 B,KER,France,Consumer Discretionary,Luxury Goods
China Yangtze Power Co. Ltd,$78.42 B,600900,China,Utilities,Utilities—Independent Power Producers
China Petroleum & Chemical Corporation,$78.39 B,600028,China,Energy,Oil & Gas Integrated
The Southern Company,$78.38 B,SO,United States,Utilities,Utilities—Regulated Electric
Lam Research Corporation,$77.60 B,LRCX,United States,Technology,Semiconductor Equipment & Materials
"The PNC Financial Services Group, Inc.",$77.10 B,PNC,United States,Financials,Banks
"Becton, Dickinson and Company",$76.98 B,BDX,United States,Healthcare,Medical Instruments & Supplies
"Gilead Sciences, Inc.",$76.15 B,GILD,United States,Healthcare,Drug Manufacturers—General
"Regeneron Pharmaceuticals, Inc.",$74.91 B,REGN,United States,Healthcare,Biotechnology
Truist Financial Corporation,$74.79 B,TFC,United States,Financials,Banks
Canadian Natural Resources Limited,$74.78 B,CNQ,Canada,Energy,Oil & Gas E&P
"Intercontinental Exchange, Inc.",$74.17 B,ICE,United States,Financials,Financial Data & Stock Exchanges
"The TJX Companies, Inc.",$73.99 B,TJX,United States,Consumer Discretionary,Apparel Retail
Atlassian Corporation Plc,$73.72 B,TEAM,Australia,Technology,Software—Application
Zurich Insurance Group AG,$73.58 B,ZURN,Switzerland,Financials,Insurance—Diversified
Edwards Lifesciences Corporation,$73.38 B,EW,United States,Healthcare,Medical Devices
Aon Plc,$73.33 B,AON,United Kingdom,Financials,Insurance Brokers
Northrop Grumman Corporation,$73.25 B,NOC,United States,Industrials,Aerospace & Defense
KDDI Corp,$73.12 B,9433,Japan,Communication Services,Telecom Services
Norfolk Southern Corporation,$72.31 B,NSC,United States,Industrials,Railroads
Freeport-McMoRan Inc.,$72.16 B,FCX,United States,Basic Materials,Copper
Wal-Mart de Mexico SAB de CV,$71.96 B,WALMEX,Mexico,Consumer Staples,Discount Stores
PT Bank Central Asia Tbk,$71.91 B,BBCA,Indonesia,Financials,Banks
"EOG Resources, Inc.",$71.90 B,EOG,United States,Energy,Oil & Gas E&P
Siemens Healthineers AG,$71.50 B,SHL,Germany,Healthcare,Diagnostics & Research
Anglo American plc,$71.48 B,AAL,United Kingdom,Basic Materials,Other Industrial Metals & Mining
"Moderna, Inc.",$70.81 B,MRNA,United States,Healthcare,Biotechnology
General Dynamics Corporation,$70.55 B,GD,United States,Industrials,Aerospace & Defense
AXA SA,$70.20 B,CS,France,Financials,Insurance—Diversified
"Dominion Energy, Inc.",$70.20 B,D,United States,Utilities,Utilities—Diversified
Enel SpA,$70.15 B,ENEL,Italy,Utilities,Utilities—Diversified
BNP Paribas SA,$69.90 B,BNP,France,Financials,Banks
"América Móvil, S.A.B. de C.V.",$69.45 B,AMXA,Mexico,Communication Services,Telecom Services
Public Storage,$69.31 B,PSA,United States,Real Estate,REIT—Industrial
UBS Group AG,$68.93 B,UBSG,Switzerland,Financials,Banks
Sberbank of Russia PJSC,$68.69 B,SBER,Russia,Financials,Banks
"Fiserv, Inc.",$68.68 B,FISV,United States,Technology,Information Technology Services
"Iberdrola, SA",$68.23 B,IBE,Spain,Utilities,Utilities—Diversified
Recruit Holdings Co Ltd,$68.11 B,6098,Japan,Industrials,Staffing & Employment Services
Bayer AG,$68.09 B,BAYN,Germany,Healthcare,Drug Manufacturers—General
The Sherwin-Williams Company,$67.54 B,SHW,United States,Basic Materials,Specialty Chemicals
Vertex Pharmaceuticals Incorporated,$67.49 B,VRTX,United States,Healthcare,Biotechnology
Illinois Tool Works Inc.,$67.49 B,ITW,United States,Industrials,Specialty Industrial Machinery
The Progressive Corporation,$67.31 B,PGR,United States,Financials,Insurance—Property & Casualty
Westpac Banking Corporation,$67.20 B,WBC,Australia,Financials,Banks
ABB Ltd,$67.19 B,ABBN,Switzerland,Industrials,Electrical Equipment & Parts
"Waste Management, Inc.",$66.95 B,WM,United States,Industrials,Waste Management
Industrial Bank Co. Ltd,$66.87 B,601166,China,Financials,Banks
DBS Group Holdings Ltd,$66.74 B,D05,Singapore,Financials,Banks
ICICI Bank Limited,$66.62 B,IBN,India,Financials,Banks
"Equinix, Inc. (REIT)",$66.35 B,EQIX,United States,Real Estate,REIT—Specialty
Newmont Corporation,$65.89 B,NEM,United States,Basic Materials,Gold
Ford Motor Company,$65.74 B,F,United States,Consumer Discretionary,Auto Manufacturers
Colgate-Palmolive Company,$65.64 B,CL,United States,Consumer Staples,Household & Personal Products
Exelon Corporation,$65.53 B,EXC,United States,Utilities,Utilities—Diversified
Snowflake Inc.,$65.04 B,SNOW,United States,Technology,Software—Application
Oriental Land Co. Ltd,$64.66 B,4661,Japan,Consumer Discretionary,Leisure
"SK hynix, Inc.",$64.60 B,000660,South Korea,Technology,Semiconductors
AP Moller - Maersk A-S,$64.40 B,MAERSK.B,Denmark,Industrials,Marine Shipping
Shin-Etsu Chemical Co Ltd,$63.43 B,4063,Japan,Basic Materials,Chemicals
FedEx Corporation,$63.25 B,FDX,United States,Industrials,Integrated Freight & Logistics
Boston Scientific Corporation,$63.08 B,BSX,United States,Healthcare,Medical Devices
PacifiCorp,$62.87 B,PPWLM,United States,Utilities,Utilities—Diversified
Dassault Systèmes SE,$62.75 B,DSY,France,Technology,Software—Application
"MetLife, Inc.",$62.69 B,MET,United States,Financials,Insurance—Life
General Motors Company,$62.69 B,GM,United States,Consumer Discretionary,Auto Manufacturers
Sea Limited,$62.66 B,SE,Singapore,Communication Services,Electronic Gaming & Multimedia
"Uber Technologies, Inc.",$62.66 B,UBER,United States,Technology,Software—Application
Moody's Corporation,$62.58 B,MCO,United States,Financials,Financial Data & Stock Exchanges
Nintendo Co Ltd,$62.20 B,7974,Japan,Communication Services,Electronic Gaming & Multimedia
Pioneer Natural Resources Company,$62.19 B,PXD,United States,Energy,Oil & Gas E&P
Eaton Corporation plc,$62.17 B,ETN,Ireland,Industrials,Specialty Industrial Machinery
"Analog Devices, Inc.",$62.00 B,ADI,United States,Technology,Semiconductors
"Fidelity National Information Services, Inc.",$61.73 B,FIS,United States,Technology,Information Technology Services
"Banco Santander, SA",$61.67 B,SAN,Spain,Financials,Banks
Hapag-Lloyd AG,$61.46 B,HLAG,Germany,Industrials,Marine Shipping
Adyen N.V.,$61.11 B,ADYEN,Netherlands,Technology,Software—Infrastructure
Atlas Copco AB,$60.97 B,ATCO.A,Sweden,Industrials,Specialty Industrial Machinery
CNOOC Limited,$60.19 B,0883,Hong Kong,Energy,Oil & Gas E&P
Nutrien Ltd.,$60.06 B,NTR,Canada,Basic Materials,Agricultural Inputs
"Block, Inc.",$59.95 B,SQ,United States,Technology,Software—Infrastructure
Deutsche Post AG,$59.80 B,DPWA,Germany,Industrials,Integrated Freight & Logistics
"NetEase, Inc.",$59.76 B,9999,China,Communication Services,Internet Content & Information
Hong Kong Exchanges & Clearing Ltd,$59.75 B,0388,Hong Kong,Financials,Financial Data & Stock Exchanges
Capital One Financial Corporation,$59.67 B,COF,United States,Financials,Credit Services
Emerson Electric Co.,$59.66 B,EMR,United States,Industrials,Specialty Industrial Machinery
"Palo Alto Networks, Inc.",$59.65 B,PANW,United States,Technology,Software—Infrastructure
Australia and New Zealand Banking Group Limited,$59.55 B,ANZ,Australia,Financials,Banks
Reckitt Benckiser Group plc,$59.53 B,RKT,United Kingdom,Consumer Staples,Household & Personal Products
Nongfu Spring Co. Ltd,$59.50 B,9633,China,Consumer Staples,Beverages—Non-Alcoholic
Saudi Telecom Company,$59.47 B,7010,Saudi Arabia,Communication Services,Telecom Services
Southern Copper Corporation,$59.46 B,SCCO,United States,Basic Materials,Copper
Shenzhen Mindray Bio-Medical Electronics Co. Ltd,$59.26 B,300760,China,Healthcare,Medical Devices
Vinci SA,$59.01 B,DG,France,Industrials,Engineering & Construction
"Workday, Inc.",$58.70 B,WDAY,United States,Technology,Software—Application
RELX plc,$58.53 B,REL,United Kingdom,Communication Services,Publishing
Marvell Technology Group Ltd.,$58.36 B,MRVL,Bermuda,Technology,Semiconductors
"Air Products and Chemicals, Inc.",$57.82 B,APD,United States,Basic Materials,Chemicals
Pernod Ricard SA,$57.75 B,RI,France,Consumer Staples,Beverages—Wineries & Distilleries
Schlumberger Limited,$57.63 B,SLB,United States,Energy,Oil & Gas Equipment & Services
"Marvell Technology, Inc.",$57.62 B,9MW,United States,Technology,Semiconductors
Itaú Unibanco Holding SA,$57.45 B,ITUB,Brazil,Financials,Banks
Enterprise Products Partners L.P.,$57.43 B,EPD,United States,Energy,Oil & Gas Midstream
Foshan Haitian Flavouring and Food Company Ltd,$57.40 B,603288,China,Consumer Staples,Packaged Foods
Mitsubishi Corp,$57.23 B,8058,Japan,Industrials,Conglomerates
Canadian Imperial Bank of Commerce,$57.20 B,CM,Canada,Financials,Banks
"Marriott International, Inc.",$57.18 B,MAR,United States,Consumer Discretionary,Lodging
Pinduoduo Inc.,$57.09 B,PDD,China,Consumer Discretionary,Internet Retail
IHS Markit Ltd.,$56.94 B,INFO,United Kingdom,Industrials,Consulting Services
The Saudi National Bank,$56.89 B,1180,Saudi Arabia,Financials,Banks
TC Energy Corporation,$56.77 B,TRP,Canada,Energy,Oil & Gas Midstream
Humana Inc.,$56.55 B,HUM,United States,Healthcare,Healthcare Plans
KLA Corporation,$56.48 B,KLAC,United States,Technology,Semiconductor Equipment & Materials
Bank of Communications Co. Ltd,$56.38 B,601328,China,Financials,Banks
Bayerische Motoren Werke AG,$56.17 B,BMWB,Germany,Consumer Discretionary,Auto Manufacturers
Macquarie Group Limited,$55.99 B,MQG,Australia,Financials,Capital Markets
National Grid plc,$55.88 B,NG.,United Kingdom,Utilities,Utilities—Diversified
"Daikin Industries,Ltd.",$55.58 B,6367,Japan,Industrials,Building Products & Equipment
Chugai Pharmaceutical Co. Ltd,$55.31 B,4519,Japan,Healthcare,Drug Manufacturers—General
Keurig Dr Pepper Inc.,$55.28 B,KDP,United States,Consumer Staples,Beverages—Non-Alcoholic
Ergo Science Corp,$55.23 B,ERGN,United States,Industrials,Staffing & Employment Services
SoftBank Group Corp.,$54.93 B,9984,Japan,Communication Services,Telecom Services
Heineken N.V.,$54.87 B,HEIA,Netherlands,Consumer Staples,Beverages—Brewers
Ambev SA,$54.69 B,ABEV3,Brazil,Consumer Staples,Beverages—Brewers
Canadian Pacific Railway Limited,$54.59 B,CP,Canada,Industrials,Railroads
Marathon Petroleum Corporation,$54.54 B,MPC,United States,Energy,Oil & Gas Refining & Marketing
"American International Group, Inc.",$54.31 B,AIG,United States,Financials,Insurance—Diversified
Dollar General Corporation,$54.30 B,DG,United States,Consumer Staples,Discount Stores
"Fortinet, Inc.",$53.86 B,FTNT,United States,Technology,Software—Infrastructure
Snap Inc.,$53.86 B,SNAP,United States,Communication Services,Internet Content & Information
Ferrari N.V.,$53.78 B,RACE,Italy,Consumer Discretionary,Auto Manufacturers
Lonza Group Ltd,$53.76 B,LONN,Switzerland,Healthcare,Diagnostics & Research
London Stock Exchange Group plc,$53.33 B,LSEG,United Kingdom,Financials,Financial Data & Stock Exchanges
Thomson Reuters Corporation,$53.30 B,TRI,Canada,Industrials,Consulting Services
BASF SE,$52.76 B,BAS,Germany,Basic Materials,Chemicals
Sempra Energy,$52.47 B,SRE,United States,Utilities,Utilities—Diversified
Occidental Petroleum Corporation,$52.30 B,OXY,United States,Energy,Oil & Gas E&P
"Liberty Bancshares, Inc. (OH)",$52.30 B,LBSI,United States,Financials,Banks
Fast Retailing Co. Ltd,$52.29 B,9983,Japan,Consumer Discretionary,Apparel Retail
NXP Semiconductors N.V.,$52.28 B,NXPI,Netherlands,Technology,Semiconductors
"Xilinx, Inc.",$52.19 B,XLNX,United States,Technology,Semiconductors
ITOCHU Corp,$52.19 B,8001,Japan,Industrials,Conglomerates
Eni S.p.A.,$52.00 B,ENI,Italy,Energy,Oil & Gas Integrated
Stellantis N.V.,$51.80 B,STLA,Netherlands,Consumer Discretionary,Auto Manufacturers
BCE Inc.,$51.71 B,BCE,Canada,Communication Services,Telecom Services
DENSO Corp,$51.58 B,6902,Japan,Consumer Discretionary,Auto Parts
Toyota Motor Corporation,$51.55 B,7203,Japan,Consumer Discretionary,Auto Manufacturers
"L3Harris Technologies, Inc.",$51.51 B,LHX,United States,Industrials,Aerospace & Defense
"AgriBank, FCB",$51.49 B,AGRIP,United States,Financials,Credit Services
General Accident plc,$51.43 B,GACA,United Kingdom,Financials,Insurance—Property & Casualty
Archer-Daniels-Midland Company,$51.03 B,ADM,United States,Consumer Staples,Farm Products
"American Electric Power Company, Inc.",$50.95 B,AEP,United States,Utilities,Utilities—Regulated Electric
Fortescue Metals Group Limited,$50.76 B,FMG,Australia,Basic Materials,Other Industrial Metals & Mining
Hon Hai Precision Industry Co. Ltd,$50.75 B,2317,Taiwan,Technology,Electronic Components
China Tourism Group Duty Free Corp Ltd,$50.46 B,601888,China,Consumer Discretionary,Travel Services
Ecolab Inc.,$50.29 B,ECL,United States,Basic Materials,Specialty Chemicals
Novatek PJSC,$50.19 B,NVTK,Russia,Energy,Oil & Gas E&P
"Synopsys, Inc.",$50.18 B,SNPS,United States,Technology,Software—Infrastructure
Safran SA,$50.02 B,SAF,France,Industrials,Aerospace & Defense
"Illumina, Inc.",$49.91 B,ILMN,United States,Healthcare,Diagnostics & Research
"MercadoLibre, Inc.",$49.83 B,MELI,Argentina,Consumer Discretionary,Internet Retail
"Roper Technologies, Inc.",$49.66 B,ROP,United States,Industrials,Specialty Industrial Machinery
The Kraft Heinz Company,$49.42 B,KHC,United States,Consumer Staples,Packaged Foods
Centene Corporation,$49.32 B,CNC,United States,Healthcare,Healthcare Plans
"Paychex, Inc.",$49.23 B,PAYX,United States,Industrials,Staffing & Employment Services
"Honda Motor Co., Ltd.",$49.11 B,7267,Japan,Consumer Discretionary,Auto Manufacturers
Hitachi Ltd,$48.92 B,6501,Japan,Industrials,Conglomerates
Scentre Group,$48.83 B,SCG,Australia,Real Estate,REIT—Retail
"MediaTek, Inc.",$48.74 B,2454,Taiwan,Technology,Semiconductors
Lululemon Athletica Inc.,$48.52 B,LULU,Canada,Consumer Discretionary,Apparel Retail
Dow Inc.,$48.50 B,DOW,United States,Basic Materials,Chemicals
Rosneft Oil Co PJSC,$48.50 B,ROSN,Russia,Energy,Oil & Gas Integrated
McKesson Corporation,$48.46 B,MCK,United States,Healthcare,Medical Distribution
Suncor Energy Inc.,$48.27 B,SU,Canada,Energy,Oil & Gas Integrated
"VMware, Inc.",$48.17 B,VMW,United States,Technology,Software—Infrastructure
Johnson Controls International plc,$48.15 B,JCI,Ireland,Industrials,Engineering & Construction
"O'Reilly Automotive, Inc.",$48.14 B,ORLY,United States,Consumer Discretionary,Specialty Retail
Grupo Mexico SAB de CV,$48.00 B,GMEXICOB,Mexico,Basic Materials,Other Industrial Metals & Mining
"CrowdStrike Holdings, Inc.",$47.89 B,CRWD,United States,Technology,Software—Infrastructure
Naspers Ltd,$47.73 B,NPN,South Africa,Communication Services,Internet Content & Information
"Autodesk, Inc.",$47.69 B,ADSK,United States,Technology,Software—Application
"Prudential Financial, Inc.",$47.17 B,PRU,United States,Financials,Insurance—Life
Open Joint Stock Company OMZ,$47.15 B,OMZZP,Russia,Industrials,Specialty Industrial Machinery
Cognizant Technology Solutions Corporation,$47.07 B,CTSH,United States,Technology,Information Technology Services
Nucor Corporation,$46.86 B,NUE,United States,Basic Materials,Steel
"DexCom, Inc.",$46.86 B,DXCM,United States,Healthcare,Diagnostics & Research
Banco Bradesco SA,$46.71 B,BBDC3,Brazil,Financials,Banks
Nidec Corp,$46.33 B,6594,Japan,Industrials,Specialty Industrial Machinery
adidas AG,$46.13 B,ADS1,Germany,Consumer Discretionary,Footwear & Accessories
Sika AG,$46.01 B,SIKA,Switzerland,Basic Materials,Specialty Chemicals
"Baidu, Inc.",$45.98 B,9888,China,Communication Services,Internet Content & Information
Takeda Pharmaceutical Company Limited,$45.89 B,4502,Japan,Healthcare,Drug Manufacturers—Specialty & Generic
The Hershey Company,$45.83 B,HSY,United States,Consumer Staples,Confectioners
Amphenol Corporation,$45.77 B,APH,United States,Technology,Electronic Components
Vanjia Corp,$45.74 B,VNJA,United States,Consumer Discretionary,Residential Construction
Vodafone Group plc,$45.74 B,VOD,United Kingdom,Communication Services,Telecom Services
"IDEXX Laboratories, Inc.",$45.64 B,IDXX,United States,Healthcare,Diagnostics & Research
"The Travelers Companies, Inc.",$45.56 B,TRV,United States,Financials,Insurance—Property & Casualty
Infineon Technologies AG,$45.35 B,IFXA,Germany,Technology,Semiconductors
"Constellation Brands, Inc.",$45.21 B,STZ,United States,Consumer Staples,Beverages—Wineries & Distilleries
"Datadog, Inc.",$45.13 B,DDOG,United States,Technology,Software—Application
Mitsui & Co. Ltd,$45.09 B,8031,Japan,Energy,Oil & Gas E&P
Saudi Arabian Mining Company,$45.00 B,1211,Saudi Arabia,Basic Materials,Other Industrial Metals & Mining
PJSC Lukoil,$44.96 B,LKOH,Russia,Energy,Oil & Gas Integrated
Intesa Sanpaolo S.p.A.,$44.95 B,ISP,Italy,Financials,Banks
TE Connectivity Ltd.,$44.78 B,TEL,Switzerland,Technology,Electronic Components
"AutoZone, Inc.",$44.39 B,AZO,United States,Consumer Discretionary,Specialty Retail
IQVIA Holdings Inc.,$44.32 B,IQV,United States,Healthcare,Diagnostics & Research
Cintas Corporation,$44.32 B,CTAS,United States,Industrials,Specialty Business Services
"Cadence Design Systems, Inc.",$44.23 B,CDNS,United States,Technology,Software—Application
"Chipotle Mexican Grill, Inc.",$44.11 B,CMG,United States,Consumer Discretionary,Restaurants
"Sumitomo Mitsui Financial Group, Inc.",$44.06 B,8316,Japan,Financials,Banks
"Samsung Biologics Co.,Ltd.",$44.01 B,207940,South Korea,Healthcare,Biotechnology
Wipro Limited,$43.98 B,WIPRO,India,Technology,Information Technology Services
Zijin Mining Group Co Ltd,$43.93 B,601899,China,Basic Materials,Gold
HP Inc.,$43.90 B,HPQ,United States,Technology,Computer Hardware
Lloyds Banking Group plc,$43.70 B,LLOY,United Kingdom,Financials,Banks
"Simon Property Group, Inc.",$43.69 B,SPG,United States,Real Estate,REIT—Retail
Aflac Incorporated,$43.59 B,AFL,United States,Financials,Insurance—Life
Barrick Gold Corporation,$43.50 B,ABX,Canada,Basic Materials,Gold
Murata Manufacturing Co. Ltd,$43.41 B,6981,Japan,Technology,Electronic Components
"Kinder Morgan, Inc.",$43.38 B,KMI,United States,Energy,Oil & Gas Midstream
Kimberly-Clark Corporation,$43.21 B,KMB,United States,Consumer Staples,Household & Personal Products
Xiaomi Corp,$43.10 B,1810,China,Technology,Consumer Electronics
Wesfarmers Limited,$43.09 B,WES,Australia,Consumer Discretionary,Home Improvement Retail
"Republic Services, Inc.",$42.91 B,RSG,United States,Industrials,Waste Management
HOYA Corp,$42.88 B,7741,Japan,Healthcare,Medical Instruments & Supplies
Yihai Kerry Arawana Holdings Co. Ltd,$42.84 B,300999,China,Consumer Staples,Packaged Foods
Monster Beverage Corporation,$42.81 B,MNST,United States,Consumer Staples,Beverages—Non-Alcoholic
LONGi Green Energy Technology Co. Ltd,$42.68 B,601012,China,Technology,Semiconductor Equipment & Materials
"Corteva, Inc.",$42.66 B,CTVA,United States,Basic Materials,Agricultural Inputs
"General Mills, Inc.",$42.65 B,GIS,United States,Consumer Staples,Packaged Foods
Seven & i Holdings Co. Ltd,$42.53 B,3382,Japan,Consumer Staples,Grocery Stores
DSV PANALPINA A-S,$42.49 B,DSV,Denmark,Industrials,Integrated Freight & Logistics
Hilton Worldwide Holdings Inc.,$42.39 B,HLT,United States,Consumer Discretionary,Lodging
WuXi AppTec Co. Ltd,$42.25 B,603259,China,Healthcare,Diagnostics & Research
Sysco Corporation,$42.22 B,SYY,United States,Consumer Staples,Food Distribution
The Kroger Co.,$42.03 B,KR,United States,Consumer Staples,Grocery Stores
Manulife Financial Corporation,$41.98 B,MFC,Canada,Financials,Insurance—Life
BioNTech SE,$41.93 B,22UA,Germany,Healthcare,Biotechnology
STMicroelectronics N.V.,$41.91 B,STM,Switzerland,Technology,Semiconductors
Devon Energy Corporation,$41.82 B,DVN,United States,Energy,Oil & Gas E&P
"The Williams Companies, Inc.",$41.60 B,WMB,United States,Energy,Oil & Gas Midstream
The Allstate Corporation,$41.54 B,ALL,United States,Financials,Insurance—Property & Casualty
Hang Seng Bank Limited,$41.47 B,0011,Hong Kong,Financials,Banks
Valero Energy Corporation,$41.27 B,VLO,United States,Energy,Oil & Gas Refining & Marketing
ING Groep N.V.,$41.25 B,INGA,Netherlands,Financials,Banks
MMC Norilsk Nickel PJSC,$41.16 B,GMKN,Russia,Basic Materials,Other Industrial Metals & Mining
"Motorola Solutions, Inc.",$40.87 B,MSI,United States,Technology,Communication Equipment
"East Money Information Co.,Ltd.",$40.83 B,300059,China,Communication Services,Internet Content & Information
The Bank of New York Mellon Corporation,$40.83 B,BK,United States,Financials,Asset Management
Carrier Global Corporation,$40.79 B,CARR,United States,Industrials,Building Products & Equipment
Oversea-Chinese Banking Corp Ltd,$40.77 B,O39,Singapore,Financials,Banks
"Digital Realty Trust, Inc.",$40.64 B,DLR,United States,Real Estate,REIT—Office
"Walgreens Boots Alliance, Inc.",$40.55 B,WBA,United States,Healthcare,Pharmaceutical Retailers
"Agilent Technologies, Inc.",$40.49 B,A,United States,Healthcare,Diagnostics & Research
Global Payments Inc.,$40.35 B,GPN,United States,Industrials,Specialty Business Services
CITIC Securities Company Ltd,$40.17 B,600030,China,Financials,Capital Markets
Baxter International Inc.,$40.13 B,BAX,United States,Healthcare,Medical Instruments & Supplies
BOC Hong Kong Holdings Ltd,$39.99 B,2388,Hong Kong,Financials,Banks
MSCI Inc.,$39.97 B,MSCI,United States,Financials,Financial Data & Stock Exchanges
Welltower Inc.,$39.96 B,WELL,United States,Real Estate,REIT—Healthcare Facilities
Xcel Energy Inc.,$39.76 B,XEL,United States,Utilities,Utilities—Regulated Electric
United Overseas Bank Ltd,$39.73 B,U11,Singapore,Financials,Banks
Wanhua Chemical Group Co. Ltd,$39.73 B,600309,China,Basic Materials,Chemicals
"DuPont de Nemours, Inc.",$39.72 B,DD,United States,Basic Materials,Chemicals
EQT AB,$39.71 B,6EQ,Japan,Financials,Asset Management
Alimentation Couche-Tard Inc.,$39.56 B,ATD.B,Canada,Consumer Staples,Grocery Stores
eBay Inc.,$39.34 B,EBAY,United States,Consumer Discretionary,Internet Retail
Givaudan SA,$39.29 B,GIVN,Switzerland,Basic Materials,Specialty Chemicals
Novozymes A-S,$39.03 B,NZYM.B,Denmark,Basic Materials,Chemicals
Prudential plc,$39.00 B,PRU,United Kingdom,Financials,Insurance—Life
Alcon Inc.,$38.90 B,ALC,Switzerland,Healthcare,Medical Instruments & Supplies
Ecopetrol SA,$38.69 B,EC,Colombia,Energy,Oil & Gas Integrated
Baker Hughes Company,$38.39 B,BKR,United States,Energy,Oil & Gas Equipment & Services
"Banco Bilbao Vizcaya Argentaria, SA",$38.25 B,BBVA,Spain,Financials,Banks
Dell Technologies Inc.,$38.16 B,DELL,United States,Technology,Computer Hardware
Kuaishou Technology,$38.15 B,1024,China,Communication Services,Broadcasting
AB Volvo,$38.13 B,VOL4,Sweden,Industrials,Farm & Heavy Construction Machinery
Crédit Agricole SA,$38.01 B,ACA,France,Financials,Banks
"Dollar Tree, Inc.",$38.00 B,DLTR,United States,Consumer Staples,Discount Stores
SBA Communications Corporation,$37.93 B,SBAC,United States,Real Estate,REIT—Specialty
Capgemini SE,$37.82 B,CAP,France,Technology,Information Technology Services
Daiichi Sankyo Company Ltd,$37.79 B,4568,Japan,Healthcare,Drug Manufacturers—General
Compass Group plc,$37.73 B,CPG,United Kingdom,Consumer Discretionary,Restaurants
Sartorius Stedim Biotech SA,$37.55 B,DIM,France,Healthcare,Medical Instruments & Supplies
PT Bank Rakyat Indonesia (Persero) Tbk,$37.51 B,BYRA,Indonesia,Financials,Banks
Phillips 66,$37.51 B,PSX,United States,Energy,Oil & Gas Refining & Marketing
Electronic Arts Inc.,$37.38 B,EA,United States,Communication Services,Electronic Gaming & Multimedia
Trane Technologies plc,$37.36 B,TT,Ireland,Industrials,Specialty Industrial Machinery
SMC Corp,$37.08 B,6273,Japan,Industrials,Specialty Industrial Machinery
Parker-Hannifin Corporation,$37.05 B,PH,United States,Industrials,Specialty Industrial Machinery
"Tokio Marine Holdings, Inc.",$36.99 B,8766,Japan,Financials,Insurance—Property & Casualty
Jiangsu Hengrui Medicine Co. Ltd,$36.90 B,600276,China,Healthcare,Drug Manufacturers—General
"Beijing-Shanghai High-Speed Railway Co.,Ltd.",$36.90 B,601816,China,Industrials,Railroads
Münchener Rückversicherungs-Gesellschaft Aktiengesellschaft in München,$36.89 B,MUV2,Germany,Financials,Insurance—Reinsurance
"DoorDash, Inc.",$36.74 B,DASH,United States,Communication Services,Internet Content & Information
Shanghai Pudong Development Bank Co. Ltd,$36.72 B,600000,China,Financials,Banks
Constellation Software Inc.,$36.67 B,CSU,Canada,Technology,Software—Application
Inner Mongolia Yili Industrial Group Co. Ltd,$36.61 B,600887,China,Consumer Staples,Packaged Foods
TELUS Corporation,$36.37 B,T,Canada,Communication Services,Telecom Services
Public Service Enterprise Group Incorporated,$36.28 B,PEG,United States,Utilities,Utilities—Diversified
TransDigm Group Incorporated,$36.14 B,TDG,United States,Industrials,Aerospace & Defense
"Waste Connections, Inc.",$36.14 B,WCN,United States,Industrials,Waste Management
LyondellBasell Industries N.V.,$35.96 B,LYB,United States,Basic Materials,Specialty Chemicals
Danone SA,$35.93 B,BN,France,Consumer Staples,Packaged Foods
"Cloudflare, Inc.",$35.92 B,NET,United States,Technology,Software—Infrastructure
NIO Limited,$35.86 B,NIO,China,Consumer Discretionary,Auto Manufacturers
"Coinbase Global, Inc.",$35.86 B,COIN,United States,Technology,Software—Application
"Shanxi Xinghuacun Fen Wine Factory Co.,Ltd.",$35.84 B,600809,China,Consumer Staples,Beverages—Wineries & Distilleries
Neste Oyj,$35.57 B,NESTE,Finland,Energy,Oil & Gas Refining & Marketing
ResMed Inc.,$35.44 B,RMD,United States,Healthcare,Medical Instruments & Supplies
Experian plc,$35.40 B,EXPN,Ireland,Industrials,Consulting Services
"Intuitive Surgical, Inc.",$35.37 B,ISRG,United States,Healthcare,Medical Instruments & Supplies
Woolworths Group Limited,$35.33 B,WOW,Australia,Consumer Staples,Grocery Stores
MPLX LP,$35.27 B,MPLX,United States,Energy,Oil & Gas Midstream
Telstra Corporation Limited,$35.24 B,TLS,Australia,Communication Services,Telecom Services
Hexagon AB,$35.21 B,HXG,Sweden,Technology,Scientific & Technical Instruments
Assicurazioni Generali,$35.20 B,G,Italy,Financials,Insurance—Diversified
"AvalonBay Communities, Inc.",$35.19 B,AVB,United States,Real Estate,REIT—Residential
Imperial Oil Limited,$35.13 B,IMO,Canada,Energy,Oil & Gas Integrated
"Yum! Brands, Inc.",$35.12 B,YUM,United States,Consumer Discretionary,Restaurants
Sun Hung Kai Properties Ltd,$35.04 B,0016,Hong Kong,Real Estate,Real Estate—Development
"Old Dominion Freight Line, Inc.",$34.94 B,ODFL,United States,Industrials,Trucking
"Cheniere Energy, Inc.",$34.92 B,LNG,United States,Energy,Oil & Gas Midstream
"Consolidated Edison, Inc.",$34.89 B,ED,United States,Utilities,Utilities—Regulated Electric
China CITIC Bank Corp Ltd,$34.84 B,601998,China,Financials,Banks
Budweiser Brewing Company APAC Ltd,$34.73 B,1876,Hong Kong,Consumer Staples,Beverages—Brewers
ArcelorMittal,$34.66 B,MT,Luxembourg,Basic Materials,Steel
"Ameriprise Financial, Inc.",$34.64 B,AMP,United States,Financials,Asset Management
Fastenal Company,$34.58 B,FAST,United States,Industrials,Industrial Distribution
"Align Technology, Inc.",$34.49 B,ALGN,United States,Healthcare,Medical Devices
VERBUND AG,$34.44 B,OEW,Austria,Utilities,Utilities—Renewable
Sydney Airport Limited,$34.40 B,SYD,Australia,Industrials,Airports & Air Services
"Verisk Analytics, Inc.",$34.39 B,VRSK,United States,Industrials,Consulting Services
Z Holdings Corp,$34.24 B,4689,Japan,Consumer Discretionary,Internet Retail
Arthur J. Gallagher & Co.,$34.22 B,AJG,United States,Financials,Insurance Brokers
Chongqing Zhifei Biological Products Co. Ltd,$34.13 B,300122,China,Healthcare,Biotechnology
Equity Residential,$34.11 B,EQR,United States,Real Estate,REIT—Residential
"Chunghwa Telecom Co., Ltd.",$34.06 B,2412,Taiwan,Communication Services,Telecom Services
"T. Rowe Price Group, Inc.",$34.01 B,TROW,United States,Financials,Asset Management
Halliburton Company,$33.95 B,HAL,United States,Energy,Oil & Gas Equipment & Services
"Tyson Foods, Inc.",$33.73 B,TSN,United States,Consumer Staples,Farm Products
Discover Financial Services,$33.73 B,DFS,United States,Financials,Credit Services
Kuehne + Nagel International AG,$33.69 B,KNIN,Switzerland,Industrials,Integrated Freight & Logistics
FANUC Corp,$33.68 B,6954,Japan,Industrials,Specialty Industrial Machinery
MTR Corp Ltd,$33.66 B,0066,Hong Kong,Industrials,Railroads
Poly Developments and Holdings Group Co. Ltd,$33.64 B,600048,China,Real Estate,Real Estate—Development
KKR & Co. Inc.,$33.49 B,KKR,United States,Financials,Asset Management
"Mizuho Financial Group, Inc.",$33.47 B,8411,Japan,Financials,Banks
PTT PCL,$33.46 B,PTT,Thailand,Energy,Oil & Gas Integrated
Koninklijke Ahold Delhaize N.V.,$33.43 B,AD,Netherlands,Consumer Staples,Grocery Stores
China Vanke Co. Ltd,$33.35 B,000002,China,Real Estate,Real Estate—Development
International Flavors & Fragrances Inc.,$33.32 B,IFF,United States,Basic Materials,Specialty Chemicals
Telefonaktiebolaget LM Ericsson,$33.29 B,ERIC.A,Sweden,Technology,Communication Equipment
China Resources Land Ltd,$33.26 B,1109,Hong Kong,Real Estate,Real Estate—Development
"Zoom Video Communications, Inc.",$33.22 B,ZM,United States,Communication Services,Telecom Services
Otis Worldwide Corporation,$33.09 B,OTIS,United States,Industrials,Specialty Industrial Machinery
Sun Life Financial Inc.,$33.08 B,SLF,Canada,Financials,Insurance—Diversified
"Rockwell Automation, Inc.",$33.05 B,ROK,United States,Industrials,Specialty Industrial Machinery
Aptiv PLC,$33.02 B,APTV,Ireland,Consumer Discretionary,Auto Parts
Cenovus Energy Inc.,$33.02 B,CVE,Canada,Energy,Oil & Gas Integrated
Deutsche Börse AG,$32.99 B,DB1,Germany,Financials,Financial Data & Stock Exchanges
Orange SA,$32.84 B,ORA,France,Communication Services,Telecom Services
Hess Corporation,$32.81 B,HES,United States,Energy,Oil & Gas E&P
NatWest Group plc,$32.72 B,NWG,United Kingdom,Financials,Banks
"Ross Stores, Inc.",$32.71 B,ROST,United States,Consumer Discretionary,Apparel Retail
"WEC Energy Group, Inc.",$32.54 B,WEC,United States,Utilities,Utilities—Regulated Electric
AmerisourceBergen Corporation,$32.51 B,ABC,United States,Healthcare,Medical Distribution
China Overseas Land & Investment Ltd,$32.49 B,0688,Hong Kong,Real Estate,Real Estate—Development
WuXi Biologics,$32.41 B,2269,China,Healthcare,Biotechnology
CITIC Ltd,$32.33 B,0267,Hong Kong,Industrials,Conglomerates
"Cellnex Telecom, SA",$32.32 B,CLNX,Spain,Communication Services,Telecom Services
Haier Smart Home Co Ltd,$32.31 B,600690,China,Consumer Discretionary,"Furnishings, Fixtures & Appliances"
Singapore Telecommunications Ltd,$32.23 B,Z74,Singapore,Communication Services,Telecom Services
ANTA Sports Products Ltd,$32.20 B,2020,China,Consumer Discretionary,Leisure
Barclays plc,$32.19 B,BARC,United Kingdom,Financials,Banks
Brown-Forman Corporation,$32.07 B,BF.B,United States,Consumer Staples,Beverages—Wineries & Distilleries
WEG SA,$32.05 B,WEGE3,Brazil,Industrials,Specialty Industrial Machinery
PACCAR Inc,$32.04 B,PCAR,United States,Industrials,Farm & Heavy Construction Machinery
Great Wall Motor Co Ltd,$32.01 B,601633,China,Consumer Discretionary,Auto Manufacturers
Longfor Group Holdings Ltd,$31.98 B,0960,China,Real Estate,Real Estate—Development
"JAPAN POST BANK Co.,Ltd.",$31.93 B,7182,Japan,Financials,Banks
"PPG Industries, Inc.",$31.89 B,PPG,United States,Basic Materials,Specialty Chemicals
Perusahaan Perseroan (Persero) PT Telekomunikasi Indonesia Tbk,$31.78 B,TLK,Indonesia,Communication Services,Telecom Services
Mettler-Toledo International Inc.,$31.78 B,MTD,United States,Healthcare,Diagnostics & Research
"ONEOK, Inc.",$31.66 B,OKE,United States,Energy,Oil & Gas Midstream
Goodman Group,$31.64 B,GMG,Australia,Real Estate,REIT—Diversified
Corning Incorporated,$31.60 B,GLW,United States,Technology,Electronic Components
"Japan Tobacco, Inc.",$31.59 B,2914,Japan,Consumer Staples,Tobacco
Foxconn Industrial Internet Co. Ltd,$31.58 B,601138,China,Technology,Communication Equipment
Eversource Energy,$31.56 B,ES,United States,Utilities,Utilities—Regulated Electric
China Telecom Corp Ltd,$31.49 B,0728,Hong Kong,Communication Services,Telecom Services
CRH plc,$31.45 B,CRH,Ireland,Basic Materials,Building Materials
Japan Post Holdings Co. Ltd,$31.41 B,6178,Japan,Financials,Banks
Biogen Inc.,$31.35 B,BIIB,United States,Healthcare,Drug Manufacturers—General
Swisscom AG,$31.26 B,SCMN,Switzerland,Communication Services,Telecom Services
Koninklijke DSM N.V.,$31.25 B,DSM,Netherlands,Basic Materials,Specialty Chemicals
Formosa Petrochemical Corp,$31.22 B,6505,Taiwan,Energy,Oil & Gas Refining & Marketing
Zhangzhou Pientzehuang Pharmaceutical. Ltd,$31.17 B,600436,China,Healthcare,Drug Manufacturers—General
"AMETEK, Inc.",$31.15 B,AME,United States,Industrials,Specialty Industrial Machinery
E.ON SE,$31.12 B,EOAA,Germany,Utilities,Utilities—Diversified
China Pacific Insurance,$31.04 B,601601,China,Financials,Insurance—Life
"Zscaler, Inc.",$31.03 B,ZS,United States,Technology,Software—Infrastructure
Anhui Conch Cement Company Ltd,$31.02 B,600585,China,Basic Materials,Building Materials
Franco-Nevada Corporation,$31.00 B,FNV,Canada,Basic Materials,Gold
Engie SA,$31.00 B,ENGI,France,Utilities,Utilities—Diversified
State Street Corporation,$30.95 B,STT,United States,Financials,Asset Management
SAIC Motor Corp Ltd,$30.93 B,600104,China,Consumer Discretionary,Auto Manufacturers
Nokia Corporation,$30.91 B,NOKIA.SEK,Finland,Technology,Communication Equipment
"Twitter, Inc.",$30.83 B,TWTR,United States,Communication Services,Internet Content & Information
Veeva Systems Inc.,$30.76 B,VEEV,United States,Healthcare,Health Information Services
Loblaw Companies Limited,$30.70 B,L,Canada,Consumer Staples,Grocery Stores
Energy Transfer LP,$30.69 B,ET,United States,Energy,Oil & Gas Midstream
Henkel AG & Co KGaA,$30.53 B,HEN,Germany,Consumer Staples,Household & Personal Products
"Coupang, Inc.",$30.53 B,CPNG,South Korea,Consumer Discretionary,Internet Retail
Ferguson plc,$30.52 B,FERG,United Kingdom,Industrials,Industrial Distribution
BAE Systems plc,$30.51 B,BA.,United Kingdom,Industrials,Aerospace & Defense
Fifth Third Bancorp,$30.46 B,FITB,United States,Financials,Banks
"CBRE Group, Inc.",$30.45 B,CBRE,United States,Real Estate,Real Estate Services
"American Water Works Company, Inc.",$30.43 B,AWK,United States,Utilities,Utilities—Regulated Water
Fujitsu Ltd,$30.28 B,6702,Japan,Technology,Information Technology Services
"West Pharmaceutical Services, Inc.",$30.23 B,WST,United States,Healthcare,Medical Instruments & Supplies
Compagnie de Saint-Gobain SA,$30.16 B,SGO,France,Industrials,Building Products & Equipment
"Alexandria Real Estate Equities, Inc.",$30.10 B,ARE,United States,Real Estate,REIT—Office
ASSA ABLOY AB,$30.05 B,ALZ,Sweden,Industrials,Security & Protection Services
Cummins Inc.,$29.94 B,CMI,United States,Industrials,Specialty Industrial Machinery
Vestas Wind Systems A-S,$29.93 B,VWS,Denmark,Industrials,Specialty Industrial Machinery
Riyad Bank,$29.86 B,1010,Saudi Arabia,Financials,Banks
Willis Towers Watson plc,$29.85 B,WLTW,United Kingdom,Financials,Insurance Brokers
"Match Group, Inc.",$29.82 B,MTCH,United States,Communication Services,Internet Content & Information
KBC Group NV,$29.81 B,KDB,Belgium,Financials,Banks
UniCredit S.p.A.,$29.65 B,UCG,Italy,Financials,Banks
Cathay Financial Holding Co. Ltd,$29.58 B,2882,Taiwan,Financials,Insurance—Life
"Copart, Inc.",$29.58 B,CPRT,United States,Industrials,Specialty Business Services
Spotify Technology SA,$29.56 B,SPOT,Luxembourg,Communication Services,Internet Content & Information
"Nasdaq, Inc.",$29.52 B,NDAQ,United States,Financials,Financial Data & Stock Exchanges
Weyerhaeuser Company,$29.42 B,WY,United States,Real Estate,REIT—Specialty
Saudi Electricity Company,$29.42 B,5110,Saudi Arabia,Utilities,Utilities—Regulated Electric
Ball Corporation,$29.40 B,BLL,United States,Consumer Discretionary,Packaging & Containers
"Keysight Technologies, Inc.",$29.40 B,KEYS,United States,Technology,Scientific & Technical Instruments
"Astellas Pharma, Inc.",$29.22 B,4503,Japan,Healthcare,Drug Manufacturers—General
"Amadeus IT Group, SA",$29.19 B,AMS,Spain,Technology,Information Technology Services
Electricité de France SA,$29.17 B,EDF,France,Utilities,Utilities—Diversified
Rogers Communications Inc.,$29.13 B,RCI.B,Canada,Communication Services,Telecom Services
Tongwei Co. Ltd,$29.10 B,600438,China,Consumer Staples,Farm Products
Las Vegas Sands Corp.,$29.07 B,LVS,United States,Consumer Discretionary,Resorts & Casinos
RWE AG,$29.06 B,RWE,Germany,Utilities,Utilities—Diversified
COSCO SHIPPING Holdings Co Ltd,$28.93 B,601919,China,Industrials,Marine Shipping
SVB Financial Group,$28.91 B,SIVB,United States,Financials,Banks
CSX Corporation,$28.90 B,CSX,United States,Industrials,Railroads
Techtronic Industries Company Ltd,$28.75 B,0669,Hong Kong,Industrials,Tools & Accessories
"Naturgy Energy Group, SA",$28.71 B,NTGY,Spain,Utilities,Utilities—Regulated Gas
APA Group,$28.55 B,APA,Australia,Utilities,Utilities—Regulated Gas
Hormel Foods Corporation,$28.52 B,HRL,United States,Consumer Staples,Packaged Foods
Cerner Corporation,$28.31 B,CERN,United States,Healthcare,Health Information Services
Ashtead Group plc,$28.28 B,AHT,United Kingdom,Industrials,Rental & Leasing Services
Equifax Inc.,$28.24 B,EFX,United States,Industrials,Consulting Services
Semiconductor Manufacturing International Corp,$28.24 B,688981,China,Technology,Semiconductors
Porsche Automobil Holding SE,$28.15 B,PAHA,Germany,Consumer Discretionary,Auto Manufacturers
Tesco plc,$28.11 B,TSCO,United Kingdom,Consumer Staples,Grocery Stores
Sirius XM Holdings Inc.,$28.05 B,SIRI,United States,Communication Services,Broadcasting
Airports of Thailand Public Company Ltd,$28.00 B,AOT,Thailand,Industrials,Airports & Air Services
CK Hutchison Holdings Ltd,$27.94 B,0001,Hong Kong,Industrials,Conglomerates
The People's Insurance Company (Group) of China Ltd,$27.93 B,601319,China,Financials,Insurance—Property & Casualty
"Expedia Group, Inc.",$27.91 B,EXPE,United States,Consumer Discretionary,Travel Services
First Republic Bank,$27.90 B,FRC,United States,Financials,Banks
Koninklijke Philips N.V.,$27.89 B,PHIA,Netherlands,Healthcare,Diagnostics & Research
Great-West Lifeco Inc.,$27.85 B,GWO,Canada,Financials,Insurance—Life
Thai Beverage Public Company Ltd,$27.81 B,Y92,Thailand,Consumer Staples,Beverages—Wineries & Distilleries
Swiss Re AG,$27.80 B,SREN,Switzerland,Financials,Insurance—Reinsurance
Edison International,$27.67 B,EIX,United States,Utilities,Utilities—Regulated Electric
Wolters Kluwer N.V.,$27.65 B,WKL,Netherlands,Communication Services,Publishing
ON Semiconductor Corporation,$27.63 B,ON,United States,Technology,Semiconductors
"CaixaBank, SA",$27.58 B,CABK,Spain,Financials,Banks
Sampo Oyj,$27.46 B,SAMPO,Finland,Financials,Insurance—Diversified
Extra Space Storage Inc.,$27.37 B,EXR,United States,Real Estate,REIT—Industrial
Sartorius AG,$27.35 B,SRT,Germany,Healthcare,Medical Instruments & Supplies
"D.R. Horton, Inc.",$27.34 B,DHI,United States,Consumer Discretionary,Residential Construction
"W.W. Grainger, Inc.",$27.33 B,GWW,United States,Industrials,Industrial Distribution
NARI Technology Co. Ltd,$27.33 B,600406,China,Industrials,Specialty Industrial Machinery
KONE Oyj,$27.29 B,KNEBV,Finland,Industrials,Specialty Industrial Machinery
"McCormick & Company, Incorporated",$27.29 B,MKC,United States,Consumer Staples,Packaged Foods
NTT Data Corp,$27.26 B,9613,Japan,Technology,Information Technology Services
Ganfeng Lithium Co. Ltd,$27.25 B,002460,China,Basic Materials,Chemicals
Will Semiconductor Co. Ltd,$27.24 B,603501,China,Technology,Semiconductors
"Interactive Brokers Group, Inc.",$27.22 B,IBKR,United States,Financials,Capital Markets
Gazprom Neft PJSC,$27.14 B,SIBN,Russia,Energy,Oil & Gas Integrated
Fubon Financial Holding Co. Ltd,$27.13 B,2881,Taiwan,Financials,Insurance—Life
Tractor Supply Company,$27.09 B,TSCO,United States,Consumer Discretionary,Specialty Retail
Chocoladefabriken Lindt & Sprüngli AG,$27.08 B,LISN,Switzerland,Consumer Staples,Confectioners
"ANSYS, Inc.",$26.98 B,ANSS,United States,Technology,Software—Application
Shaanxi Coal Industry Company Ltd,$26.95 B,601225,China,Energy,Thermal Coal
Aier Eye Hospital Group Co. Ltd,$26.95 B,300015,China,Healthcare,Medical Care Facilities
"Zimmer Biomet Holdings, Inc.",$26.94 B,ZBH,United States,Healthcare,Medical Devices
Bridgestone Corp,$26.88 B,5108,Japan,Consumer Discretionary,Auto Parts
Evolution Gaming Group AB,$26.82 B,EVO,Sweden,Consumer Discretionary,Gambling
Beijing Wantai Biological Pharmacy Enterprise Co. Ltd,$26.80 B,603392,China,Healthcare,Biotechnology
Vonovia SE,$26.78 B,VNA,Germany,Real Estate,Real Estate Services
Sandvik AB,$26.71 B,SAND,Sweden,Industrials,Specialty Industrial Machinery
"Cheniere Energy Partners, L.P.",$26.68 B,CQP,United States,Energy,Oil & Gas Midstream
PG&E Corporation,$26.66 B,PCG,United States,Utilities,Utilities—Regulated Electric
Kansas City Southern,$26.59 B,KSU,United States,Industrials,Railroads
Unity Software Inc.,$26.56 B,U,United States,Technology,Software—Application
Thales SA,$26.55 B,HO,France,Industrials,Aerospace & Defense
Southwest Airlines Co.,$26.52 B,LUV,United States,Industrials,Airlines
DTE Energy Company,$26.41 B,DTE,United States,Utilities,Utilities—Regulated Electric
Intact Financial Corporation,$26.40 B,IFC,Canada,Financials,Insurance—Property & Casualty
Deutsche Bank AG,$26.38 B,DBK,Germany,Financials,Banks
Canon Inc.,$26.38 B,7751,Japan,Technology,Computer Hardware
"LYONDELLBASELL ADVANCED POLYMERS, Inc.",$26.38 B,SLMNP,United States,Basic Materials,Chemicals
National Bank of Canada,$26.29 B,,Canada,Financials,Banks
Sonova Holding AG,$26.22 B,SOON,Switzerland,Healthcare,Medical Instruments & Supplies
Realty Income Corporation,$26.18 B,O,United States,Real Estate,REIT—Retail
China Everbright Bank Company Ltd,$26.13 B,601818,China,Financials,Banks
Twilio Inc.,$26.09 B,TWLO,United States,Communication Services,Internet Content & Information
Roblox Corp,$26.05 B,RBLX,United States,Communication Services,Electronic Gaming & Multimedia
"Telefónica, SA",$26.04 B,TEF,Spain,Communication Services,Telecom Services
Central Japan Railway Co,$26.00 B,9022,Japan,Industrials,Railroads
Li Auto Inc.,$25.83 B,LI,China,Consumer Discretionary,Auto Manufacturers
EnBW Energie Baden-Wuerttemberg AG,$25.82 B,EBK,Germany,Utilities,Utilities—Diversified
"The Hartford Financial Services Group, Inc.",$25.76 B,HIG,United States,Financials,Insurance—Diversified
Laboratory Corporation of America Holdings,$25.75 B,LH,United States,Healthcare,Diagnostics & Research
"MongoDB, Inc.",$25.73 B,MDB,United States,Technology,Software—Infrastructure
Mitsubishi Electric Corporation,$25.61 B,6503,Japan,Industrials,Electrical Equipment & Parts
Banco Santander (Brasil) SA,$25.59 B,SANB11,Brazil,Financials,Banks
Axis Bank Ltd,$25.54 B,AXISBANK,India,Financials,Banks
"United Rentals, Inc.",$25.46 B,URI,United States,Industrials,Rental & Leasing Services
Nan Ya Plastics Corp,$25.41 B,1303,Taiwan,Basic Materials,Specialty Chemicals
Lennar Corporation,$25.34 B,LEN,United States,Consumer Discretionary,Residential Construction
Straumann Holding AG,$25.31 B,STMN,Switzerland,Healthcare,Medical Instruments & Supplies
CLP Holdings Ltd,$25.29 B,0002,Hong Kong,Utilities,Utilities—Regulated Electric
Yanzhou Coal Mining Company Ltd,$25.26 B,600188,China,Energy,Thermal Coal
FirstEnergy Corp.,$25.26 B,FE,United States,Utilities,Utilities—Diversified
Albemarle Corporation,$25.25 B,ALB,United States,Basic Materials,Specialty Chemicals
CK Asset Holdings Limited,$25.21 B,1113,Hong Kong,Real Estate,Real Estate—Development
"Enphase Energy, Inc.",$25.20 B,ENPH,United States,Technology,Solar
Legrand SA,$25.19 B,LR,France,Industrials,Specialty Industrial Machinery
Galaxy Entertainment Group Ltd,$25.17 B,0027,Hong Kong,Consumer Discretionary,Resorts & Casinos
Skandinaviska Enskilda Banken AB,$25.15 B,SEB.A,Sweden,Financials,Banks
The Mosaic Company,$25.09 B,MOS,United States,Basic Materials,Agricultural Inputs
CDW Corporation,$25.04 B,CDW,United States,Technology,Information Technology Services
"Gartner, Inc.",$25.03 B,IT,United States,Technology,Information Technology Services
"EDP Renováveis, SA",$25.01 B,EDPR,Spain,Utilities,Utilities—Renewable
"Delta Air Lines, Inc.",$24.92 B,DAL,United States,Industrials,Airlines
Palantir Technologies Inc.,$24.91 B,PLTR,United States,Technology,Software—Infrastructure
Seagen Inc.,$24.87 B,SGEN,United States,Healthcare,Biotechnology
"Diamondback Energy, Inc.",$24.84 B,FANG,United States,Energy,Oil & Gas E&P
"VeriSign, Inc.",$24.81 B,VRSN,United States,Technology,Software—Infrastructure
"Church & Dwight Co., Inc.",$24.81 B,CHD,United States,Consumer Staples,Household & Personal Products
Ameren Corporation,$24.79 B,AEE,United States,Utilities,Utilities—Regulated Electric
China Minsheng Banking Corp Ltd,$24.65 B,600016,China,Financials,Banks
"Live Nation Entertainment, Inc.",$24.61 B,LYV,United States,Communication Services,Entertainment
Woodside Petroleum Ltd,$24.60 B,WPL,Australia,Energy,Oil & Gas E&P
Evergreen Marine Corp,$24.49 B,2603,Taiwan,Industrials,Marine Shipping
"Aena S.M.E., SA",$24.45 B,AENA,Spain,Industrials,Airports & Air Services
XPeng Inc.,$24.44 B,XPEV,China,Consumer Discretionary,Auto Manufacturers
Northern Trust Corporation,$24.42 B,NTRS,United States,Financials,Asset Management
"Slack Technologies, Inc.",$24.30 B,WORK,United States,Technology,Software—Application
"Mid-America Apartment Communities, Inc.",$24.18 B,MAA,United States,Real Estate,REIT—Residential
Fresenius SE & Co KGaA,$24.12 B,FRE,Germany,Healthcare,Medical Care Facilities
FUJIFILM Holdings Corp,$24.12 B,4901,Japan,Industrials,Business Equipment & Supplies
BT Group plc,$24.09 B,BT.A,United Kingdom,Communication Services,Telecom Services
Vulcan Materials Company,$24.08 B,VMC,United States,Basic Materials,Building Materials
Epiroc AB,$24.08 B,3AD2,Sweden,Industrials,Farm & Heavy Construction Machinery
"Delta Electronics, Inc.",$24.05 B,2308,Taiwan,Technology,Electronic Components
Public Joint Stock Company Polyus,$24.02 B,PLZL,Russia,Basic Materials,Gold
Schindler Holding AG,$24.02 B,SCHN,Switzerland,Industrials,Specialty Industrial Machinery
ORIX Corporation,$23.97 B,8591,Japan,Financials,Credit Services
"Martin Marietta Materials, Inc.",$23.94 B,MLM,United States,Basic Materials,Building Materials
CSC Financial Co. Ltd,$23.94 B,601066,China,Financials,Capital Markets
"Best Buy Co., Inc.",$23.93 B,BBY,United States,Consumer Discretionary,Specialty Retail
STERIS plc,$23.93 B,STE,Ireland,Healthcare,Medical Instruments & Supplies
Entergy Corporation,$23.92 B,ETR,United States,Utilities,Utilities—Diversified
"M3, Inc.",$23.89 B,2413,Japan,Healthcare,Health Information Services
Splunk Inc.,$23.84 B,SPLK,United States,Technology,Software—Infrastructure
EVE Energy Co. Ltd,$23.82 B,300014,China,Industrials,Electrical Equipment & Parts
"Ventas, Inc.",$23.81 B,VTR,United States,Real Estate,REIT—Healthcare Facilities
"Endesa, SA",$23.78 B,ELE,Spain,Utilities,Utilities—Regulated Electric
SSE plc,$23.73 B,SSE,United Kingdom,Utilities,Utilities—Diversified
Compagnie Générale des Etablissements Michelin SCA,$23.65 B,ML,France,Consumer Discretionary,Auto Parts
Horizon Therapeutics Public Limited Company,$23.64 B,HZNP,Ireland,Healthcare,Drug Manufacturers—General
Baoshan Iron & Steel Co. Ltd,$23.59 B,600019,China,Basic Materials,Steel
"Stanley Black & Decker, Inc.",$23.57 B,SWK,United States,Industrials,Tools & Accessories
Sungrow Power Supply Co. Ltd,$23.55 B,300274,China,Industrials,Electrical Equipment & Parts
Beiersdorf AG,$23.51 B,BEI,Germany,Consumer Staples,Household & Personal Products
PT Bank Mandiri (Persero) Tbk,$23.51 B,PQ9,Indonesia,Financials,Banks
First Quantum Minerals Ltd.,$23.47 B,FM,Canada,Basic Materials,Copper
Kubota Corp,$23.46 B,6326,Japan,Industrials,Farm & Heavy Construction Machinery
MTN Group Ltd,$23.45 B,MTN,South Africa,Communication Services,Telecom Services
"Maxim Integrated Products, Inc.",$23.44 B,MXIM,United States,Technology,Semiconductors
"Rocket Companies, Inc.",$23.44 B,RKT,United States,Financials,Mortgage Finance
Fortis Inc.,$23.43 B,FTS,Canada,Utilities,Utilities—Regulated Electric
Formosa Plastics Corp,$23.42 B,1301,Taiwan,Basic Materials,Specialty Chemicals
Liberty Broadband Corporation,$23.40 B,LBRDK,United States,Communication Services,Entertainment
United Microelectronics Corporation,$23.35 B,2303,Taiwan,Technology,Semiconductors
Garmin Ltd.,$23.35 B,GRMN,Switzerland,Technology,Scientific & Technical Instruments
Huazhu Group Limited,$23.34 B,HTHT,China,Consumer Discretionary,Lodging
Carnival Corporation & plc,$23.29 B,CCL,United States,Consumer Discretionary,Travel Services
Sany Heavy Industry Co. Ltd,$23.27 B,600031,China,Industrials,Farm & Heavy Construction Machinery
Fox Corporation,$23.26 B,FOXA,United States,Communication Services,Broadcasting
Wens Foodstuff Group Co. Ltd,$23.20 B,300498,China,Consumer Staples,Farm Products
Société Générale SA,$23.18 B,GLE,France,Financials,Banks
Terumo Corp,$23.16 B,4543,Japan,Healthcare,Medical Instruments & Supplies
China International Capital Corp Ltd,$23.13 B,601995,China,Financials,Capital Markets
Invitation Homes Inc.,$23.09 B,INVH,United States,Real Estate,REIT—Residential
Royalty Pharma plc,$23.04 B,RPRX,United States,Healthcare,Biotechnology
Olympus Corp,$23.00 B,7733,Japan,Healthcare,Medical Instruments & Supplies
V.F. Corporation,$22.96 B,VFC,United States,Consumer Discretionary,Apparel Manufacturing
Dover Corporation,$22.94 B,DOV,United States,Industrials,Specialty Industrial Machinery
PPL Corporation,$22.87 B,PPL,United States,Utilities,Utilities—Regulated Electric
"Hengli Petrochemical Co.,Ltd.",$22.86 B,600346,China,Consumer Discretionary,Textile Manufacturing
Genmab A/S,$22.83 B,GMAB,Denmark,Healthcare,Biotechnology
SABIC Agri-Nutrients Company,$22.78 B,2020,Saudi Arabia,Basic Materials,Agricultural Inputs
Heineken Holding N.V.,$22.78 B,HEIO,Netherlands,Consumer Staples,Beverages—Brewers
East Japan Railway Company,$22.78 B,9020,Japan,Industrials,Railroads
Sociedad Química y Minera de Chile SA,$22.77 B,SQM,Chile,Basic Materials,Chemicals
Eurofins Scientific SE,$22.75 B,ERF,Luxembourg,Healthcare,Diagnostics & Research
Panasonic Corp,$22.73 B,6752,Japan,Technology,Consumer Electronics
UCB SA,$22.71 B,UCB,Belgium,Healthcare,Biotechnology
Shanghai International Port,$22.65 B,600018,China,Industrials,Marine Shipping
Hewlett Packard Enterprise Company,$22.65 B,HPE,United States,Technology,Communication Equipment
Kellogg Company,$22.63 B,K,United States,Consumer Staples,Packaged Foods
PICC Property and Casualty Company Ltd,$22.62 B,2328,China,Financials,Insurance—Property & Casualty
Grupo Financiero Banorte SAB de CV,$22.60 B,GFNORTEO,Mexico,Financials,Banks
Komatsu Ltd,$22.56 B,6301,Japan,Industrials,Farm & Heavy Construction Machinery
The Hong Kong and China Gas Company Ltd,$22.54 B,0003,Hong Kong,Utilities,Utilities—Regulated Gas
Coca-Cola Europacific Partners plc,$22.53 B,CCEP,United Kingdom,Consumer Staples,Beverages—Non-Alcoholic
"Essex Property Trust, Inc.",$22.51 B,ESS,United States,Real Estate,REIT—Residential
EMS-CHEMIE HOLDING AG,$22.48 B,EMSN,Switzerland,Basic Materials,Specialty Chemicals
"Okta, Inc.",$22.45 B,OKTA,United States,Technology,Software—Infrastructure
China National Nuclear Power Co. Ltd,$22.42 B,601985,China,Utilities,Utilities—Independent Power Producers
Sumitomo Corp,$22.42 B,8053,Japan,Industrials,Conglomerates
Tata Motors Limited,$22.38 B,TTM,India,Consumer Discretionary,Auto Manufacturers
Banco do Brasil SA,$22.36 B,BBAS3,Brazil,Financials,Banks
Hennes & Mauritz AB,$22.33 B,HM.B,Sweden,Consumer Discretionary,Apparel Manufacturing
"Bio-Rad Laboratories, Inc.",$22.32 B,BIO,United States,Healthcare,Medical Devices
Teleperformance SE,$22.30 B,TEP,France,Industrials,Consulting Services
"Fomento Económico Mexicano, S.A.B. de C.V.",$22.28 B,FEMSAUB,Mexico,Consumer Staples,Beverages—Brewers
"Huntington Bancshares, Inc.",$22.26 B,HU3,United States,Financials,Banks
"Continental Resources, Inc.",$22.25 B,CLR,United States,Energy,Oil & Gas E&P
CRRC Corp Ltd,$22.21 B,601766,China,Industrials,Railroads
"Skyworks Solutions, Inc.",$22.17 B,SWKS,United States,Technology,Semiconductors
XP Inc.,$22.16 B,XPBR31,Brazil,Financials,Capital Markets
Unicharm Corp,$22.08 B,8113,Japan,Consumer Staples,Household & Personal Products
ZTO Express (Cayman) Inc.,$22.05 B,ZTO,China,Industrials,Integrated Freight & Logistics
Geberit AG,$22.03 B,GEBN,Switzerland,Industrials,Building Products & Equipment
Toyota Industries Corp,$21.99 B,6201,Japan,Consumer Discretionary,Auto Manufacturers
Cincinnati Financial Corporation,$21.99 B,CINF,United States,Financials,Insurance—Property & Casualty
"CF Industries Holdings, Inc.",$21.95 B,CF,United States,Basic Materials,Agricultural Inputs
NIBE Industrier AB,$21.93 B,NJB,Sweden,Industrials,Building Products & Equipment
CNH Industrial N.V.,$21.93 B,CNHI,United Kingdom,Industrials,Farm & Heavy Construction Machinery
Huntington Bancshares Incorporated,$21.93 B,HBAN,United States,Financials,Banks
Duke Realty Corporation,$21.93 B,DRE,United States,Real Estate,REIT—Industrial
Restaurant Brands International Limited Partnership,$21.89 B,QSP.UN,Canada,Consumer Discretionary,Restaurants
"Monolithic Power Systems, Inc.",$21.87 B,MPWR,United States,Technology,Semiconductors
Zebra Technologies Corporation,$21.87 B,ZBRA,United States,Technology,Communication Equipment
"Ulta Beauty, Inc.",$21.82 B,ULTA,United States,Consumer Discretionary,Specialty Retail
"Dai-ichi Life Holdings, Inc.",$21.76 B,8750,Japan,Financials,Insurance—Life
M&T Bank Corporation,$21.74 B,MTB,United States,Financials,Banks
KeyCorp,$21.71 B,KEY,United States,Financials,Banks
Teledyne Technologies Incorporated,$21.65 B,TDY,United States,Technology,Scientific & Technical Instruments
"B3 S.A. - Brasil, Bolsa, Balcao",$21.58 B,B3SA3,Brazil,Financials,Financial Data & Stock Exchanges
"Contura Energy, Inc.",$21.57 B,CTRA,United States,Energy,Thermal Coal
"Shimano, Inc.",$21.51 B,7309,Japan,Consumer Discretionary,Leisure
Power Corporation of Canada,$21.48 B,POW,Canada,Financials,Insurance—Life
"J.B. Hunt Transport Services, Inc.",$21.48 B,JBHT,United States,Industrials,Integrated Freight & Logistics
Mitsui Fudosan Co. Ltd,$21.46 B,8801,Japan,Real Estate,Real Estate—Diversified
The Saudi British Bank,$21.45 B,1060,Saudi Arabia,Financials,Banks
SGS SA,$21.43 B,SGSN,Switzerland,Industrials,Consulting Services
Teck Resources Limited,$21.41 B,TECK.B,Canada,Basic Materials,Other Industrial Metals & Mining
Rede D'Or São Luiz SA,$21.40 B,RDOR3,Brazil,Healthcare,Medical Care Facilities
NEXON Co. Ltd,$21.36 B,3659,Japan,Communication Services,Electronic Gaming & Multimedia
"The Cooper Companies, Inc.",$21.35 B,COO,United States,Healthcare,Medical Instruments & Supplies
Legal & General Group plc,$21.34 B,LGEN,United Kingdom,Financials,Insurance—Life
Regions Financial Corporation,$21.32 B,RF,United States,Financials,Banks
Wheaton Precious Metals Corp.,$21.26 B,WPM,Canada,Basic Materials,Gold
ZoomInfo Technologies Inc.,$21.23 B,ZI,United States,Technology,Software—Application
ViacomCBS Inc.,$21.22 B,VIACA,United States,Communication Services,Entertainment
China Northern Rare Earth,$21.21 B,600111,China,Basic Materials,Other Industrial Metals & Mining
Seagate Technology plc,$21.21 B,STX,Ireland,Technology,Computer Hardware
China Mengniu Dairy Co Ltd,$21.17 B,2319,Hong Kong,Consumer Staples,Packaged Foods
Ingersoll Rand Inc.,$21.13 B,IR,United States,Industrials,Specialty Industrial Machinery
SEGRO plc,$21.08 B,SGRO,United Kingdom,Real Estate,REIT—Industrial
Yandex N.V.,$21.05 B,YNDX,Netherlands,Communication Services,Internet Content & Information
Microchip Technology Incorporated,$21.03 B,MCHP,United States,Technology,Semiconductors
"HubSpot, Inc.",$20.93 B,HUBS,United States,Technology,Software—Application
"FLEETCOR Technologies, Inc.",$20.92 B,FLT,United States,Technology,Information Technology Services
Fortive Corporation,$20.88 B,FTV,United States,Technology,Scientific & Technical Instruments
AppLovin Corp,$20.86 B,APP,United States,Technology,Software—Application
Royal Caribbean Cruises Ltd.,$20.81 B,RCL,United States,Consumer Discretionary,Travel Services
Repsol SA,$20.80 B,REP,Spain,Energy,Oil & Gas Integrated
Marubeni Corp,$20.78 B,8002,Japan,Industrials,Conglomerates
Standard Chartered plc,$20.78 B,STAN,United Kingdom,Financials,Banks
Li Ning Co Ltd,$20.75 B,2331,China,Consumer Discretionary,Leisure
CMS Energy Corporation,$20.73 B,CMS,United States,Utilities,Utilities—Regulated Electric
STERIS Corp,$20.66 B,S1TE34,United States,Healthcare,Medical Devices
Advanced Info Service PCL,$20.65 B,ADVANC,Thailand,Communication Services,Telecom Services
Kyocera Corp,$20.62 B,6971,Japan,Technology,Consumer Electronics
Pembina Pipeline Corporation,$20.61 B,PPL,Canada,Energy,Oil & Gas Midstream
Flutter Entertainment plc,$20.58 B,FLTR,Ireland,Consumer Discretionary,Gambling
Sojitz Corp,$20.55 B,2768,Japan,Industrials,Conglomerates
"Boston Properties, Inc.",$20.54 B,BXP,United States,Real Estate,REIT—Office
Synchrony Financial,$20.43 B,SYF,United States,Financials,Credit Services
Alinma Bank,$20.41 B,1150,Saudi Arabia,Financials,Banks
Investment AB Latour,$20.39 B,LATO.B,Sweden,Financials,Asset Management
Mitsubishi Estate Co. Ltd,$20.39 B,8802,Japan,Real Estate,Real Estate—Diversified
Guotai Junan Securities Co. Ltd,$20.39 B,601211,China,Financials,Capital Markets
Nippon Paint Holdings Co. Ltd,$20.38 B,4612,Japan,Basic Materials,Specialty Chemicals
Carvana Co.,$20.33 B,CVNA,United States,Consumer Discretionary,Internet Retail
Markel Corporation,$20.30 B,MKL,United States,Financials,Insurance—Property & Casualty
"Brown & Brown, Inc.",$20.27 B,BRO,United States,Financials,Insurance Brokers
Nomura Research Institute Ltd,$20.26 B,4307,Japan,Technology,Information Technology Services
MGM Resorts International,$20.22 B,MGM,United States,Consumer Discretionary,Resorts & Casinos
Mega Financial Holding Co. Ltd,$20.21 B,2886,Taiwan,Financials,Banks
Telefônica Brasil SA,$20.19 B,VIV,Brazil,Communication Services,Telecom Services
Swiss Life Holding AG,$20.16 B,SLHN,Switzerland,Financials,Insurance—Diversified
Telenor ASA,$20.15 B,TEL,Norway,Communication Services,Telecom Services
China Railway Group Ltd,$20.15 B,0390,Hong Kong,Industrials,Engineering & Construction
CTBC Financial Holding Co. Ltd,$20.15 B,2891,Taiwan,Financials,Insurance—Life
Imperial Brands plc,$20.14 B,IMB,United Kingdom,Consumer Staples,Tobacco
"Principal Financial Group, Inc.",$20.13 B,PFG,United States,Financials,Insurance—Diversified
Norsk Hydro ASA,$20.10 B,NHY,Norway,Basic Materials,Aluminum
"PerkinElmer, Inc.",$20.05 B,PKI,United States,Healthcare,Diagnostics & Research
Hannover Rück SE,$20.02 B,HNRB,Germany,Financials,Insurance—Reinsurance
"Sun Communities, Inc.",$19.98 B,SUI,United States,Real Estate,REIT—Residential
Tradeweb Markets Inc.,$19.98 B,TW,United States,Financials,Capital Markets
Trina Solar Co. Ltd,$19.94 B,688599,China,Technology,Solar
Vedanta Limited,$19.93 B,VEDL,India,Basic Materials,Other Industrial Metals & Mining
"Paycom Software, Inc.",$19.87 B,PAYC,United States,Technology,Software—Application
Klabin SA,$19.86 B,KLBN11,Brazil,Basic Materials,Paper & Paper Products
Kao Corp,$19.85 B,4452,Japan,Consumer Staples,Household & Personal Products
"Teradyne, Inc.",$19.85 B,TER,United States,Technology,Semiconductor Equipment & Materials
China Resources Beer (Holdings) Company Ltd,$19.84 B,0291,Hong Kong,Consumer Staples,Beverages—Brewers
China Communications Construction Co Ltd,$19.83 B,601800,China,Industrials,Engineering & Construction
Aviva plc,$19.82 B,AV.,United Kingdom,Financials,Insurance—Diversified
Standard Bank Group Ltd,$19.82 B,SBK,South Africa,Financials,Banks
Ryanair Holdings plc,$19.78 B,RY4C,Ireland,Industrials,Airlines
"Hologic, Inc.",$19.75 B,HOLX,United States,Healthcare,Medical Instruments & Supplies
Kerry Group plc,$19.74 B,KRZ,Ireland,Consumer Staples,Packaged Foods
Renesas Electronics Corp,$19.73 B,6723,Japan,Technology,Semiconductors
Brookfield Infrastructure Partners L.P.,$19.70 B,BIP.UN,Bermuda,Utilities,Utilities—Diversified
Shiseido Co Ltd,$19.69 B,4911,Japan,Consumer Staples,Household & Personal Products
CGI Inc.,$19.67 B,GIB.A,Canada,Technology,Information Technology Services
Henderson Land Development Co Ltd,$19.67 B,0012,Hong Kong,Real Estate,Real Estate Services
"Bill.com Holdings, Inc.",$19.65 B,BILL,United States,Technology,Software—Application
Shanghai Fosun Pharmaceutical,$19.63 B,600196,China,Healthcare,Drug Manufacturers—Specialty & Generic
"Akamai Technologies, Inc.",$19.59 B,AKAM,United States,Technology,Software—Infrastructure
China Tower Corp Ltd,$19.55 B,0788,China,Communication Services,Telecom Services
"Huatai Securities Co., Ltd.",$19.55 B,601688,China,Financials,Capital Markets
Marathon Oil Corporation,$19.54 B,MRO,United States,Energy,Oil & Gas E&P
Arch Capital Group Ltd.,$19.54 B,ACGL,Bermuda,Financials,Insurance—Diversified
TransUnion,$19.53 B,TRU,United States,Industrials,Consulting Services
JBS SA,$19.53 B,JBSS3,Brazil,Consumer Staples,Packaged Foods
Shenzhou International Group Holdings Ltd,$19.50 B,2313,Hong Kong,Consumer Discretionary,Textile Manufacturing
"Avantor, Inc.",$19.48 B,AVTR,United States,Basic Materials,Specialty Chemicals
"Molina Healthcare, Inc.",$19.46 B,MOH,United States,Healthcare,Healthcare Plans
"Ferrovial, SA",$19.44 B,FER,Spain,Industrials,Infrastructure Operations
EDP - Energias de Portugal SA,$19.43 B,EDP,Portugal,Utilities,Utilities—Diversified
Fresenius Medical Care AG & Co. KGaA,$19.42 B,FME,Germany,Healthcare,Medical Care Facilities
Svenska Handelsbanken AB,$19.42 B,SHB.A,Sweden,Financials,Banks
KB Financial Group Inc.,$19.39 B,105560,South Korea,Financials,Banks
Magna International Inc.,$19.36 B,MG,Canada,Consumer Discretionary,Auto Parts
Snam S.p.A.,$19.27 B,SRG,Italy,Utilities,Utilities—Regulated Gas
CGN Power Co. Ltd,$19.25 B,003816,China,Utilities,Utilities—Independent Power Producers
Croda International plc,$19.22 B,CRDA,United Kingdom,Basic Materials,Specialty Chemicals
Warner Music Group Corp.,$19.21 B,WMG,United States,Communication Services,Entertainment
Zhejiang Huayou Cobalt Co. Ltd,$19.20 B,603799,China,Basic Materials,Other Industrial Metals & Mining
"SS&C Technologies Holdings, Inc.",$19.15 B,SSNC,United States,Technology,Software—Application
Carlsberg A-S,$19.12 B,CARL.A,Denmark,Consumer Staples,Beverages—Brewers
NICE Ltd.,$19.12 B,NICE,Israel,Technology,Software—Application
Waters Corporation,$19.11 B,WAT,United States,Healthcare,Diagnostics & Research
Otsuka Holdings Co. Ltd,$19.03 B,4578,Japan,Healthcare,Drug Manufacturers—General
Tenaris SA,$18.98 B,TEN,Luxembourg,Energy,Oil & Gas Equipment & Services
"Citizens Financial Group, Inc.",$18.95 B,CFG,United States,Financials,Banks
Check Point Software Technologies Ltd.,$18.94 B,CHKP,Israel,Technology,Software—Infrastructure
Toshiba Corp,$18.93 B,6502,Japan,Industrials,Specialty Industrial Machinery
"LG Electronics, Inc.",$18.91 B,066570,South Korea,Technology,Consumer Electronics
Astra International Tbk PT,$18.90 B,ASJA,Indonesia,Consumer Discretionary,Auto Parts
Omnicom Group Inc.,$18.80 B,OMC,United States,Communication Services,Advertising Agencies
"Aecc Aviation Power Co.,Ltd",$18.79 B,600893,China,Industrials,Aerospace & Defense
International Paper Company,$18.78 B,INPAP,United States,Consumer Discretionary,Packaging & Containers
Scottish Mortgage Investment Trust plc,$18.78 B,SMT,United Kingdom,Financials,Asset Management
George Weston Limited,$18.77 B,WN,Canada,Consumer Staples,Grocery Stores
"NetApp, Inc.",$18.76 B,NTAP,United States,Technology,Computer Hardware
"Healthpeak Properties, Inc.",$18.76 B,PEAK,United States,Real Estate,REIT—Healthcare Facilities
"MS&AD Insurance Group Holdings, Inc.",$18.75 B,8725,Japan,Financials,Insurance—Property & Casualty
The Liberty SiriusXM Group,$18.74 B,LSXMB,United States,Communication Services,Broadcasting
Credit Suisse Group AG,$18.72 B,CSGN,Switzerland,Financials,Banks
Air China Ltd,$18.72 B,601111,China,Industrials,Airlines
Power Construction Corp of China Ltd,$18.69 B,601669,China,Industrials,Engineering & Construction
"JD Health International, Inc.",$18.69 B,8ZN,China,Healthcare,Medical Care Facilities
South32 Limited,$18.67 B,S32,Australia,Basic Materials,Other Industrial Metals & Mining
"Huaneng Power International, Inc.",$18.57 B,600011,China,Utilities,Utilities—Independent Power Producers
Sands China Ltd,$18.52 B,1928,Macao,Consumer Discretionary,Resorts & Casinos
HEICO Corporation,$18.49 B,HEI,United States,Industrials,Aerospace & Defense
GF Securities Co. Ltd,$18.44 B,000776,China,Financials,Capital Markets
Genuine Parts Company,$18.41 B,GPC,United States,Consumer Discretionary,Specialty Retail
Vodacom Group Ltd,$18.41 B,VOD,South Africa,Communication Services,Telecom Services
"Take-Two Interactive Software, Inc.",$18.35 B,TTWO,United States,Communication Services,Electronic Gaming & Multimedia
China Merchants Securities Co. Ltd,$18.35 B,600999,China,Financials,Capital Markets
"Alnylam Pharmaceuticals, Inc.",$18.33 B,ALNY,United States,Healthcare,Biotechnology
Aeon Co. Ltd,$18.32 B,8267,Japan,Consumer Discretionary,Department Stores
Link Real Estate Investment Trust,$18.27 B,0823,Hong Kong,Real Estate,REIT—Retail
Shionogi & Co. Ltd,$18.27 B,4507,Japan,Healthcare,Drug Manufacturers—Specialty & Generic
Ubiquiti Inc.,$18.25 B,UI,United States,Technology,Communication Equipment
"Quanta Services, Inc.",$18.25 B,PWR,United States,Industrials,Engineering & Construction
"Catalent, Inc.",$18.24 B,CTLT,United States,Healthcare,Drug Manufacturers—Specialty & Generic
Haitong Securities Co. Ltd,$18.23 B,600837,China,Financials,Capital Markets
Asahi Group Holdings Ltd,$18.21 B,2502,Japan,Consumer Staples,Beverages—Brewers
Capitec Bank Holdings Ltd,$18.21 B,CPI,South Africa,Financials,Banks
Restaurant Brands International Inc.,$18.19 B,QSR,Canada,Consumer Discretionary,Restaurants
"Yum China Holdings, Inc.",$18.18 B,YUMC,China,Consumer Discretionary,Restaurants
CEZ AS,$18.16 B,CEZ,Czechia,Utilities,Utilities—Renewable
Veolia Environnement SA,$18.14 B,VIE,France,Industrials,Waste Management
"Avis Budget Group, Inc.",$18.12 B,CAR,United States,Industrials,Rental & Leasing Services
